"scenario_id","beta_true","session_sd","residual_sd","n_reps","bias","coverage_95","rejection_rate","n_fit_failed","n_nonconverged","n_singular"
1,0.6,0.02,0.02,1000,-0.000113329483701574,0.961,1,0,0,5
2,0.8,0.02,0.02,1000,-0.000111944594151425,0.956,1,0,0,9
3,1,0.02,0.02,1000,0.000156041410049657,0.953,0.05,0,0,11
4,0.6,0.04,0.02,1000,1.42127180399187e-05,0.946,1,0,0,1
5,0.8,0.04,0.02,1000,3.77286698715062e-05,0.946,1,0,0,0
6,1,0.04,0.02,1000,-0.000240217460543701,0.941,0.046,0,0,0
7,0.6,0.06,0.02,1000,2.0415168828225e-05,0.948,1,0,0,0
8,0.8,0.06,0.02,1000,0.000256577192705998,0.939,1,0,0,0
9,1,0.06,0.02,1000,-0.000194279315110957,0.94,0.059,0,0,0
10,0.6,0.02,0.05,1000,-0.000170021177303803,0.966,1,0,0,146
11,0.8,0.02,0.05,1000,0.000371001116981629,0.95,1,0,1,191
12,1,0.02,0.05,1000,0.000101115107151717,0.954,0.056,0,1,158
13,0.6,0.04,0.05,1000,0.000186458957527891,0.96,1,0,1,15
14,0.8,0.04,0.05,1000,0.000117078536376436,0.956,1,0,0,19
15,1,0.04,0.05,1000,0.000467638019642003,0.949,0.038,0,0,19
16,0.6,0.06,0.05,1000,-9.20435201989811e-06,0.949,1,0,0,2
17,0.8,0.06,0.05,1000,-0.000236898662206331,0.94,1,0,0,1
18,1,0.06,0.05,1000,-8.6916506552015e-06,0.963,0.036,0,0,2
