above_idle_fraction,above_idle_j,backend,batch,batches,changed_reads,codecarbon_cpu_energy_j,codecarbon_energy_j,codecarbon_gpu_energy_j,codecarbon_ram_energy_j,device,duration_s,energy_j,estimated_idle_j,gross_j_per_image,max_sample_gap_s,phase,plausibility_flag,power_regime,repeat,requested_s,size
,,NVML sampled power,1,0,10,,,,,cuda,5.000712638502591,61.80489635225447,,,0.40045643400117115,idle_before,False,dip,0,5.0,32
0.7658292206953955,204.4966579102799,NVML sampled power,1,2538,10,134.67371273887528,603.1892478525039,348.9672791736023,119.54825594002614,cuda,5.001334821499768,267.0264497410936,62.52979183081367,0.10521136711627013,0.40027933300007135,a1,False,dip,0,5.0,32
0.7912210531265444,236.99787903339325,NVML sampled power,1,2538,10,127.27321281850168,602.4323400360822,355.6222844976087,119.53684271997189,cuda,5.00186855299944,299.53434390665643,62.53646487326317,0.11801983605463216,0.4003401885001949,a2,False,pinned,0,5.0,32
,,NVML sampled power,1,0,10,,,,,cuda,5.001065940499757,63.243597338795816,,,0.4005315560007148,idle_after,False,dip,0,5.0,32
,,NVML sampled power,1,0,10,,,,,cuda,5.000621327000772,62.215479680343876,,,0.4007087160007359,idle_before,False,dip,1,5.0,32
0.7892047678241465,236.44639503670987,NVML sampled power,1,2552,10,129.87489389984785,606.6729556238242,357.28028582399094,119.5177758999853,cuda,5.001336812500085,299.60081930143093,63.15442426472106,0.11739844016513751,0.40036399199925654,a1,False,pinned,1,5.0,32
0.7890580950897612,236.2566320180137,NVML sampled power,1,2566,10,131.35249108193193,554.1353072731647,323.3642586912028,99.41855750003015,cuda,5.001729663001242,299.41601700586796,63.15938498785426,0.11668589906697893,0.40034739399925456,a2,False,pinned,1,5.0,32
,,NVML sampled power,1,0,10,,,,,cuda,5.0008568145003665,64.0783166617612,,,0.40048668349845684,idle_after,False,dip,1,5.0,32
,,NVML sampled power,1,0,10,,,,,cuda,5.000815891999082,62.70555664759039,,,0.400471914001173,idle_before,False,dip,2,5.0,32
0.787860306087152,235.95710388752303,NVML sampled power,1,2555,10,128.45845376666387,580.3574693219239,332.8192662551882,119.07974930007185,cuda,5.001443016501071,299.49104183124285,63.533937943719835,0.11721762889676823,0.4003644250005891,a1,False,pinned,2,5.0,32
0.7876312187777232,235.5996606545069,NVML sampled power,1,2554,10,126.60451328350698,615.1354297642139,369.02629522079513,119.5046212599118,cuda,5.0007133899980545,299.1243300641633,63.52466940965641,0.11711994129372096,0.40055013749952195,a2,False,pinned,2,5.0,32
,,NVML sampled power,1,0,10,,,,,cuda,5.000623852500212,64.34391535610997,,,0.40057210399936594,idle_after,False,dip,2,5.0,32
,,NVML sampled power,1,0,10,,,,,cuda,5.0006933770000614,63.183551919066836,,,0.4004729504995339,idle_before,False,dip,3,5.0,32
0.7865612024020286,235.32250225323256,NVML sampled power,1,2558,10,126.3969331174758,566.6117510686295,320.989256791207,119.22556115994665,cuda,5.001673672000834,299.1788833908872,63.85638113765466,0.11695812485961189,0.40035327350051375,a1,False,pinned,3,5.0,32
0.786325454061341,234.97922220607734,NVML sampled power,1,2561,10,124.03829423054957,611.9311666305437,368.37529470000464,119.51757769998947,cuda,5.001392839498294,298.83201795442153,63.85279574834419,0.1166856766709963,0.40032304899796145,a2,False,pinned,3,5.0,32
,,NVML sampled power,1,0,10,,,,,cuda,5.000810766998256,64.50569371757102,,,0.400552068498655,idle_after,False,dip,3,5.0,32
,,NVML sampled power,1,0,10,,,,,cuda,5.000581618500291,63.46690985107847,,,0.4005871244989976,idle_before,False,dip,4,5.0,32
0.7861797360576218,235.32350325639453,NVML sampled power,1,2541,10,121.51333621058247,585.7448579674126,344.9462759568103,119.28524580001975,cuda,5.001088099499611,299.3253227772674,64.00181952087286,0.1177982380075826,0.4002573065008619,a1,False,pinned,4,5.0,32
0.7860740188919619,235.15004477475844,NVML sampled power,1,2543,10,127.33974187171815,612.0435608773549,365.2072921655883,119.49652684004832,cuda,5.000545004499145,299.14491399451464,63.99486921975618,0.11763464962426844,0.4003500124999846,a2,False,pinned,4,5.0,32
,,NVML sampled power,1,0,9,,,,,cuda,5.000842818999445,64.52713606548387,,,0.400591538500521,idle_after,False,dip,4,5.0,32
,,NVML sampled power,1,0,9,,,,,cuda,5.000919624500966,63.70237277112498,,,0.4005216975001531,idle_before,False,dip,5,5.0,32
0.7848256776067485,235.10232689911794,NVML sampled power,1,2542,10,125.69643355706816,551.0107125546468,325.92226073761,99.39201825996861,cuda,5.00177255449853,299.559932361082,64.45760546196406,0.11784419054330528,0.40034102800018445,a1,False,pinned,5,5.0,32
0.7846537405168414,234.82496893098943,NVML sampled power,1,2540,10,124.53072562451095,590.7629769285459,346.73027738402055,119.50197392001425,cuda,5.000959391500146,299.2720951999964,64.44712626900697,0.11782365952755763,0.4002518705001421,a2,False,pinned,5,5.0,32
,,NVML sampled power,1,0,10,,,,,cuda,5.000703966499714,65.18804354720024,,,0.4007678295001824,idle_after,False,dip,5,5.0,32
