above_idle_fraction,above_idle_j,backend,batch,batches,changed_reads,cpu_package_energy_j,cpu_psys_energy_j,device,duration_s,energy_j,estimated_idle_j,gross_j_per_image,images_per_s,max_sample_gap_s,phase,plausibility_flag,power_regime,psys_energy_j,repeat,requested_s,size,system_energy_j
,,RAPL energy counters (package-0 primary; other domains secondary -- D16),1,0,13,41.10975800000597,162.2183349999832,cpu,5.001346607999949,41.10975800000597,,,0.0,0.400649876999978,idle_before,False,,162.2183349999832,0,5.0,32,41.10975800000597
0.7965705272481919,160.61235131551885,RAPL energy counters (package-0 primary; other domains secondary -- D16),1,3905,13,201.62979399999313,371.44918399999733,cpu,5.001616055500108,201.62979399999313,41.017442684474275,0.05163375006401873,780.7476536920109,0.4004089710001608,a1,False,,371.44918399999733,0,5.0,32,201.62979399999313
0.797238942710281,161.26417948165317,RAPL energy counters (package-0 primary; other domains secondary -- D16),1,3907,13,202.2783519999939,371.17135199997574,cpu,5.0012172955002825,202.2783519999939,41.01417251834073,0.051773317635012514,781.209807363344,0.40052428400031204,a2,False,,371.17135199997574,0,5.0,32,202.2783519999939
,,RAPL energy counters (package-0 primary; other domains secondary -- D16),1,0,13,40.919267000004766,162.633983000007,cpu,5.001170491000266,40.919267000004766,,,0.0,0.4008639459998449,idle_after,False,,162.633983000007,0,5.0,32,40.919267000004766
,,RAPL energy counters (package-0 primary; other domains secondary -- D16),1,0,13,40.46882999999798,160.33467199999723,cpu,5.0014206844998625,40.46882999999798,,,0.0,0.40091287950008336,idle_before,False,,160.33467199999723,1,5.0,32,40.46882999999798
0.7951197432571973,160.2749391678178,RAPL energy counters (package-0 primary; other domains secondary -- D16),1,3916,13,201.5733360000013,369.38162299999385,cpu,5.0019059950000155,201.5733360000013,41.298396832183506,0.05147429417773271,782.9015587087193,0.40053317599995353,a1,False,,369.38162299999385,1,5.0,32,201.5733360000013
0.7945708701726525,159.71682251217513,RAPL energy counters (package-0 primary; other domains secondary -- D16),1,3916,13,201.0101660000073,369.65591400000267,cpu,5.001293952999731,201.0101660000073,41.29334348783218,0.05133048161389359,782.9973676414718,0.40063033800015546,a2,False,,369.65591400000267,1,5.0,32,201.0101660000073
,,RAPL energy counters (package-0 primary; other domains secondary -- D16),1,0,13,42.116041999994195,163.98896000001696,cpu,5.000956674999543,42.116041999994195,,,0.0,0.40047617649997846,idle_after,False,,163.98896000001696,1,5.0,32,42.116041999994195
,,RAPL energy counters (package-0 primary; other domains secondary -- D16),1,0,13,42.79737600000226,164.4922540000116,cpu,5.001028941500408,42.79737600000226,,,0.0,0.4009362980000333,idle_before,False,,164.4922540000116,2,5.0,32,42.79737600000226
0.7843100968363812,157.09173046136945,RAPL energy counters (package-0 primary; other domains secondary -- D16),1,3913,13,200.2928830000019,367.5300040000002,cpu,5.0016688599998815,200.2928830000019,43.201152538632435,0.05118652772808635,782.3388771883017,0.4006516939998619,a1,False,,367.5300040000002,2,5.0,32,200.2928830000019
0.7847547972935663,157.49936729944167,RAPL energy counters (package-0 primary; other domains secondary -- D16),1,3920,13,200.69882700000016,368.82895100000314,cpu,5.0014728695000485,200.69882700000016,43.1994597005585,0.0511986803571429,783.7691220730038,0.40050140450011895,a2,False,,368.82895100000314,2,5.0,32,200.69882700000016
,,RAPL energy counters (package-0 primary; other domains secondary -- D16),1,0,13,43.59571300000243,165.87573500000872,cpu,5.001239830999566,43.59571300000243,,,0.0,0.4008344569997462,idle_after,False,,165.87573500000872,2,5.0,32,43.59571300000243
,,RAPL energy counters (package-0 primary; other domains secondary -- D16),1,0,13,42.047560999999405,163.0744120000163,cpu,5.001250563000212,42.047560999999405,,,0.0,0.40140410999993037,idle_before,False,,163.0744120000163,3,5.0,32,42.047560999999405
0.781680298808297,154.29396375512064,RAPL energy counters (package-0 primary; other domains secondary -- D16),1,3897,13,197.3875560000015,362.94566500000656,cpu,5.001015918500343,197.3875560000015,43.09359224488085,0.05065115627405735,779.2416707940804,0.40042942249965563,a1,False,,362.94566500000656,3,5.0,32,197.3875560000015
0.781437473322779,154.0724234068641,RAPL energy counters (package-0 primary; other domains secondary -- D16),1,3892,13,197.1653890000016,363.060410999984,cpu,5.000943195499531,197.1653890000016,43.09296559313751,0.0506591441418298,778.2531910185472,0.4004401140000482,a2,False,,363.060410999984,3,5.0,32,197.1653890000016
,,RAPL energy counters (package-0 primary; other domains secondary -- D16),1,0,13,44.14289299999655,166.53631699999096,cpu,5.001162834499155,44.14289299999655,,,0.0,0.4007118919998902,idle_after,False,,166.53631699999096,3,5.0,32,44.14289299999655
,,RAPL energy counters (package-0 primary; other domains secondary -- D16),1,0,13,40.93855500000063,160.67537000001175,cpu,5.0010907269997915,40.93855500000063,,,0.0,0.400966540499212,idle_before,False,,160.67537000001175,4,5.0,32,40.93855500000063
0.7927870703887484,158.70313944029746,RAPL energy counters (package-0 primary; other domains secondary -- D16),1,3924,13,200.18381399998907,366.73221499999636,cpu,5.001614793499357,200.18381399998907,41.4806745596916,0.05101524311926327,784.5466238423754,0.4006318489991827,a1,False,,366.73221499999636,4,5.0,32,200.18381399998907
0.7920278971651847,157.94370678075563,RAPL energy counters (package-0 primary; other domains secondary -- D16),1,3905,13,199.41684800000803,366.5468519999995,cpu,5.0007064460005495,199.41684800000803,41.473141219252405,0.051067054545456604,780.889668723332,0.40051486599986674,a2,False,,366.5468519999995,4,5.0,32,199.41684800000803
,,RAPL energy counters (package-0 primary; other domains secondary -- D16),1,0,13,42.01704299999983,163.79480800000601,cpu,5.001440867499696,42.01704299999983,,,0.0,0.4006625170004554,idle_after,False,,163.79480800000601,4,5.0,32,42.01704299999983
,,RAPL energy counters (package-0 primary; other domains secondary -- D16),1,0,13,42.83649900001183,163.94782300002407,cpu,5.000907952000489,42.83649900001183,,,0.0,0.4006300649998593,idle_before,False,,163.94782300002407,5,5.0,32,42.83649900001183
0.7910838634693683,156.69566873035322,RAPL energy counters (package-0 primary; other domains secondary -- D16),1,3869,13,198.07718999999634,364.2165350000141,cpu,5.000750621999032,198.07718999999634,41.38152126964311,0.05119596536572663,773.6838511762023,0.40051097699961247,a1,False,,364.2165350000141,5,5.0,32,198.07718999999634
0.7922057872240923,157.76280430451578,RAPL energy counters (package-0 primary; other domains secondary -- D16),1,3904,13,199.14371600000595,365.4968060000101,cpu,5.00067695800044,199.14371600000595,41.380911695490155,0.05101017315573923,780.694300549469,0.40052639199984696,a2,False,,365.4968060000101,5,5.0,32,199.14371600000595
,,RAPL energy counters (package-0 primary; other domains secondary -- D16),1,0,13,39.93196600000374,159.28542000000016,cpu,5.001260969999748,39.93196600000374,,,0.0,0.40086412399978144,idle_after,False,,159.28542000000016,5,5.0,32,39.93196600000374
,,RAPL energy counters (package-0 primary; other domains secondary -- D16),1,0,13,41.628189000010025,161.60651900002267,cpu,5.001437232000171,41.628189000010025,,,0.0,0.400882281000122,idle_before,False,,161.60651900002267,6,5.0,32,41.628189000010025
0.7877182580703112,159.40320865327024,RAPL energy counters (package-0 primary; other domains secondary -- D16),1,3869,13,202.36068800000066,370.61318700000993,cpu,5.000788917000136,202.36068800000066,42.95747934673042,0.052303098475058325,773.6779264662362,0.4004756875001476,a1,False,,370.61318700000993,6,5.0,32,202.36068800000066
0.7844968454551006,156.40406131770294,RAPL energy counters (package-0 primary; other domains secondary -- D16),1,3888,13,199.3686299999972,365.01121200001216,cpu,5.001614204499674,199.3686299999972,42.96456868229426,0.0512779398148141,777.3490399363835,0.4004367284996988,a2,False,,365.01121200001216,6,5.0,32,199.3686299999972
,,RAPL energy counters (package-0 primary; other domains secondary -- D16),1,0,13,44.29688300000271,166.32690600000205,cpu,5.001321513000221,44.29688300000271,,,0.0,0.40088173700041807,idle_after,False,,166.32690600000205,6,5.0,32,44.29688300000271
