above_idle_fraction,above_idle_j,backend,batch,batches,changed_reads,device,duration_s,energy_j,estimated_idle_j,gross_j_per_image,max_sample_gap_s,phase,repeat,requested_s,size
,,NVML cumulative energy,16,0,4,cuda,1.504186665501038,41.586999999999534,,,0.40383477000068524,idle_before,0,1.5,32
0.655812408796327,81.17973902285563,NVML cumulative energy,16,159,4,cuda,1.508195592001357,123.78500000000349,42.605260977147864,0.04865762578616489,0.4084473725015414,a1,0,1.5,32
0.6489727348760641,78.94299038851727,NVML cumulative energy,16,161,4,cuda,1.5115496255020844,121.64299999998184,42.70000961146456,0.04722166149067618,0.40814751149991935,a2,0,1.5,32
,,NVML cumulative energy,16,0,4,cuda,1.5037352284998633,43.38399999999092,,,0.4058789965001779,idle_after,0,1.5,32
,,NVML cumulative energy,16,0,4,cuda,1.5051355625000724,44.34900000001653,,,0.40503518850164255,idle_before,1,1.5,32
0.6127722104200796,71.69802525240812,NVML cumulative energy,16,161,4,cuda,1.505823503001011,117.00599999999395,45.307974747585824,0.04542158385092933,0.4068093205005425,a1,1,1.5,32
0.5636367390044533,58.66387543232565,NVML cumulative energy,16,161,4,cuda,1.5094511284987675,104.08100000000559,45.417124567679934,0.04040411490683447,0.4080106554974918,a2,1,1.5,32
,,NVML cumulative energy,16,0,4,cuda,1.503977987998951,46.19000000000233,,,0.4036542664980516,idle_after,1,1.5,32
,,NVML cumulative energy,16,0,4,cuda,1.5039955295014806,56.429999999993015,,,0.4035583629993198,idle_before,2,1.5,32
0.5166620779451075,58.01185143583593,NVML cumulative energy,16,161,4,cuda,1.510819029999766,112.28200000000652,54.27014856417059,0.04358773291925719,0.4072655465006392,a1,2,1.5,32
0.5643813743582194,70.30329465968597,NVML cumulative energy,16,161,4,cuda,1.5106396579976717,124.56700000001001,54.263705340324044,0.04835675465838898,0.4063091820007685,a2,2,1.5,32
,,NVML cumulative energy,16,0,4,cuda,1.5037891590000072,51.612999999983,,,0.4046338009993633,idle_after,2,1.5,32
,,NVML cumulative energy,16,0,4,cuda,1.5040676160006115,44.34900000001653,,,0.4035084915012703,idle_before,3,1.5,32
0.5439561449890954,60.18820348690108,NVML cumulative energy,16,158,4,cuda,1.5098133499996038,110.64900000000489,50.46079651310381,0.04376938291139434,0.4080130355014262,a1,3,1.5,32
0.5483927010423747,61.41559537513673,NVML cumulative energy,16,157,4,cuda,1.5132724049999524,111.99199999999837,50.57640462486164,0.04458280254777005,0.40705293449900637,a2,3,1.5,32
,,NVML cumulative energy,16,0,4,cuda,1.5037055329994473,56.17499999998836,,,0.40427960149827413,idle_after,3,1.5,32
,,NVML cumulative energy,16,0,4,cuda,1.5051215045004938,44.09900000001653,,,0.40483982949990605,idle_before,4,1.5,32
0.5490857224185673,61.93137863159469,NVML cumulative energy,16,161,4,cuda,1.510580755499177,112.79000000000815,50.85862136841346,0.043784937888201925,0.4069570539995766,a1,4,1.5,32
0.6062835394931815,78.14570425590128,NVML cumulative energy,16,161,4,cuda,1.507274209998286,128.89300000001094,50.747295744109664,0.0500361024844763,0.40683595950031304,a2,4,1.5,32
,,NVML cumulative energy,16,0,4,cuda,1.50365883700033,57.19499999997788,,,0.4046169290013495,idle_after,4,1.5,32
