above_idle_fraction,above_idle_j,backend,batch,batches,changed_reads,cpu_package_energy_j,device,duration_s,energy_j,estimated_idle_j,gpu_energy_j,gross_j_per_image,images_per_s,max_sample_gap_s,phase,plausibility_flag,power_regime,repeat,requested_s,size,system_energy_j
,,NVML sampled power,1,0,13,44.86353200000303,cuda,5.001261423999495,57.20628429934297,,57.20628429934297,,0.0,0.40072512149981776,idle_before,False,dip,0,5.0,32,102.069816299346
0.5726008487084822,79.17203308065551,NVML sampled power,1,4283,13,118.55346799999825,cuda,5.001152673999968,138.26740435196757,59.09537127131206,138.26740435196757,0.03228284014755255,856.4025694049482,0.400482734000434,a1,False,dip,0,5.0,32,256.8208723519658
0.5773980301708144,80.74555870051245,NVML sampled power,1,4297,13,120.87707099999534,cuda,5.00139908500023,139.84384165049042,59.098282949977964,139.84384165049042,0.03254452912508504,859.1595925402546,0.4003851350007608,a2,False,dip,0,5.0,32,260.72091265048573
,,NVML sampled power,1,0,13,45.68512500000361,cuda,5.001348449499346,60.98808951702826,,60.98808951702826,,0.0,0.40070108299914864,idle_after,False,dip,0,5.0,32,106.67321451703187
,,NVML sampled power,1,0,13,45.52728900000511,cuda,5.001278680500036,56.47501377035516,,56.47501377035516,,0.0,0.4008404859996517,idle_before,False,dip,1,5.0,32,102.00230277036027
0.577385192722807,80.08693791299955,NVML sampled power,1,4333,13,124.94419900000503,cuda,5.00155421799991,138.7062552389492,58.619317325949666,138.7062552389492,0.03201159825500789,866.3307066443717,0.40051784299976134,a1,False,dip,1,5.0,32,263.65045423895424
0.5796440829538513,80.82805186300644,NVML sampled power,1,4317,13,123.17619800000102,cuda,5.001290649000111,139.44428010221165,58.61622823920521,139.44428010221165,0.03230119993101961,863.1771882450145,0.400458131999585,a2,False,dip,1,5.0,32,262.6204781022127
,,NVML sampled power,1,0,13,47.234010000000126,cuda,5.001180960500278,60.75597502675873,,60.75597502675873,,0.0,0.40087764999952924,idle_after,False,dip,1,5.0,32,107.98998502675886
,,NVML sampled power,1,0,13,45.00189899999532,cuda,5.001113971498853,56.46941924913604,,56.46941924913604,,0.0,0.4011123249993034,idle_before,False,dip,2,5.0,32,101.47131824913136
0.5796828438971705,80.36980101807501,NVML sampled power,1,4326,13,125.132798000006,cuda,5.001637979499719,138.64443611571113,58.27463509763613,138.64443611571113,0.03204910682286434,864.916656849423,0.4005693020008039,a1,False,dip,2,5.0,32,263.77723411571714
0.5813197998476809,80.90240761954601,NVML sampled power,1,4301,13,123.94267599999148,cuda,5.001052864499798,139.17022547785967,58.26781785831366,139.17022547785967,0.032357643682366814,860.0189033255067,0.40044584149927687,a2,False,dip,2,5.0,32,263.11290147785115
,,NVML sampled power,1,0,13,45.01618099999905,cuda,5.001365012999486,60.07065561858937,,60.07065561858937,,0.0,0.40081987049961754,idle_after,False,dip,2,5.0,32,105.08683661858842
,,NVML sampled power,1,0,13,45.58527100000356,cuda,5.001330871999926,56.28581424873192,,56.28581424873192,,0.0,0.40091392300018924,idle_before,False,dip,3,5.0,32,101.87108524873548
0.5655484581330456,75.20087775361469,NVML sampled power,1,3666,13,129.23257900000317,cuda,5.0012395929989,132.9698218997242,57.7689441461095,132.9698218997242,0.036271091625674906,733.0182711366067,0.40041898299932654,a1,False,dip,3,5.0,32,262.20240089972737
0.5674009434082506,75.77276985227469,NVML sampled power,1,3689,13,127.13474599999608,cuda,5.001403667500199,133.5436092106661,57.7708393583914,133.5436092106661,0.03620049043390244,737.5929329543271,0.4003694439998071,a2,False,dip,3,5.0,32,260.6783552106622
,,NVML sampled power,1,0,13,44.961249999993015,cuda,5.001250463499673,59.25323010288086,,59.25323010288086,,0.0,0.4006689315001495,idle_after,False,dip,3,5.0,32,104.21448010287388
,,NVML sampled power,1,0,13,44.982612000007066,cuda,5.001289687500503,55.937187702000635,,55.937187702000635,,0.0,0.4007383505004327,idle_before,False,dip,4,5.0,32,100.91979970200771
0.5807208158630902,80.2766598904468,NVML sampled power,1,4363,13,125.978071000005,cuda,5.001714388500659,138.23623623881375,57.95957634836695,138.23623623881375,0.03168375801943932,872.3009074710235,0.40056673500021134,a1,False,dip,4,5.0,32,264.2143072388187
0.5825314899235081,80.87217534471048,NVML sampled power,1,4341,13,124.692796000003,cuda,5.001463761500418,138.8288474419293,57.956672097218814,138.8288474419293,0.03198084483803946,867.9459068394247,0.400534837500345,a2,False,dip,4,5.0,32,263.52164344193227
,,NVML sampled power,1,0,13,45.326605000009295,cuda,5.001177349500722,59.97077509141312,,59.97077509141312,,0.0,0.400583632001144,idle_after,False,dip,4,5.0,32,105.29738009142241
,,NVML sampled power,1,0,13,45.198859000011,cuda,5.0010919899996225,55.97827918494653,,55.97827918494653,,0.0,0.40064594199975545,idle_before,False,dip,5,5.0,32,101.17713818495753
0.5806667900840113,80.33509115713676,NVML sampled power,1,4358,13,126.93833499999892,cuda,5.001555440499942,138.34972574462853,58.01463458749177,138.34972574462853,0.031746150928092826,871.3289399356105,0.4005401165004514,a1,False,dip,5,5.0,32,265.28806074462744
0.5817398276128809,80.67846487761207,NVML sampled power,1,4334,13,125.29728699999396,cuda,5.000838924499476,138.6847883677987,58.00632349018661,138.6847883677987,0.031999258968112294,866.6545884466337,0.40051734050030063,a2,False,dip,5,5.0,32,263.9820753677926
,,NVML sampled power,1,0,13,45.37647000000288,cuda,5.000973010000962,60.03881016456562,,60.03881016456562,,0.0,0.40086661250097677,idle_after,False,dip,5,5.0,32,105.4152801645685
,,NVML sampled power,1,0,13,45.078375999990385,cuda,5.001327072500317,56.08634634712807,,56.08634634712807,,0.0,0.4008625745000245,idle_before,False,dip,6,5.0,32,101.16472234711846
0.5690202031781543,78.41787745191468,NVML sampled power,1,4357,13,127.33628299999691,cuda,5.00125628349997,137.81211460318372,59.394237151269046,137.81211460318372,0.0316300469596474,871.1811099092271,0.400551793500199,a1,False,dip,6,5.0,32,265.1483976031806
0.5710297978989815,79.06891773775118,NVML sampled power,1,4341,13,125.3746179999871,cuda,5.0015999234992705,138.4672359107588,59.39831817300762,138.4672359107588,0.031897543402616635,867.9222781503294,0.4004720789998828,a2,False,dip,6,5.0,32,263.8418539107459
,,NVML sampled power,1,0,13,45.721257999990485,cuda,5.0012174875009805,62.70243540170296,,62.70243540170296,,0.0,0.40082215900110896,idle_after,False,dip,6,5.0,32,108.42369340169344
