above_idle_fraction,above_idle_j,backend,batch,batches,changed_reads,device,duration_s,energy_j,estimated_idle_j,gross_j_per_image,max_sample_gap_s,phase,plausibility_flag,repeat,requested_s,size
,,NVML sampled power,32,0,10,cuda,5.001344844499727,57.017455248244715,,,0.40060108350007795,idle_before,False,0,5.0,32
0.7991235415239695,239.2826435330892,NVML sampled power,32,1850,10,cuda,5.0022215199996936,299.43135335090363,60.14870981781442,0.005057962049846345,0.40043385599983594,a1,False,0,5.0,32
0.7993711120686205,239.70127444659505,NVML sampled power,32,1849,10,cuda,5.0032472289994985,299.862317799168,60.16104335257295,0.0050679813040692264,0.4003944295009205,a2,False,0,5.0,32
,,NVML sampled power,32,0,7,cuda,5.001095609999538,63.25572898330463,,,0.4006024804994013,idle_after,False,0,5.0,32
,,NVML sampled power,32,0,6,cuda,5.0012962869996045,56.51425505320353,,,0.4005991264994009,idle_before,False,1,5.0,32
0.8095329915676684,242.44756582300994,NVML sampled power,32,1847,10,cuda,5.0010653569997885,299.4906549188414,57.04308909583147,0.005067180815492038,0.4004130695002459,a1,False,1,5.0,32
0.8095933965760665,242.56141128528049,NVML sampled power,32,1846,10,cuda,5.001453709500311,299.6089300025439,57.0475187172634,0.005071927986229414,0.4004190870009552,a2,False,1,5.0,32
,,NVML sampled power,32,0,6,cuda,5.001250411999536,57.576663066400414,,,0.40059921049942204,idle_after,False,1,5.0,32
,,NVML sampled power,32,0,5,cuda,5.001233705500454,56.52320747665086,,,0.4005805694996525,idle_before,False,2,5.0,32
0.8042058441443226,240.9572000874772,NVML sampled power,32,1848,10,cuda,5.001444789000743,299.6212994993295,58.66409941185229,0.005066648057009766,0.40038974250091997,a1,False,2,5.0,32
0.8043527854227216,241.21822025383304,NVML sampled power,32,1847,10,cuda,5.002191098499679,299.89107345113825,58.67285319730522,0.005073955628233931,0.4003840900004434,a2,False,2,5.0,32
,,NVML sampled power,32,0,6,cuda,5.001318813499893,60.80107422718455,,,0.40059852749982383,idle_after,False,2,5.0,32
,,NVML sampled power,32,0,6,cuda,5.001181656500194,56.65539551985394,,,0.40057870450073096,idle_before,False,3,5.0,32
0.8023724994024778,240.46181203724615,NVML sampled power,32,1816,10,cuda,5.003103103500507,299.68850155796304,59.22668952071688,0.005157084622073978,0.40040173800025514,a1,False,3,5.0,32
0.8024252443586763,240.54138932213925,NVML sampled power,32,1851,10,cuda,5.003094197999417,299.76797341961435,59.22658409747511,0.005060912571238762,0.400412924000193,a2,False,3,5.0,32
,,NVML sampled power,32,0,5,cuda,5.001078877499822,61.7512223050338,,,0.40057400099976803,idle_after,False,3,5.0,32
