above_idle_fraction,above_idle_j,backend,batch,batches,changed_reads,device,duration_s,energy_j,estimated_idle_j,gross_j_per_image,max_sample_gap_s,phase,plausibility_flag,power_regime,repeat,requested_s,size
,,NVML sampled power,1,0,7,cuda,5.001516634499922,55.16532167896565,,,0.4007801519999248,idle_before,False,dip,0,5.0,32
0.7095283248855678,137.1364332011848,NVML sampled power,1,1895,10,cuda,5.000920532500231,193.27830671636968,56.14187351518491,0.1019938294017782,0.4004086445002031,a1,False,dip,0,5.0,32
0.7112083031159189,138.29605924151429,NVML sampled power,1,1899,10,cuda,5.002196423500209,194.4522563018694,56.15619706035512,0.1023971860462714,0.40038169200011,a2,False,dip,0,5.0,32
,,NVML sampled power,1,0,6,cuda,5.001408175500046,57.130570484556046,,,0.40057956799978456,idle_after,False,dip,0,5.0,32
,,NVML sampled power,1,0,5,cuda,5.001142769999888,55.37489719206227,,,0.4005911090000609,idle_before,False,dip,1,5.0,32
0.6930794617944396,128.71709574043712,NVML sampled power,1,1776,10,cuda,5.000887122499989,185.71765985847856,57.00056411804145,0.104570754424819,0.4003443874998993,a1,False,dip,1,5.0,32
0.7069955311790889,137.53419185585892,NVML sampled power,1,1899,10,cuda,5.000761628999953,194.5333255876269,56.999133731767984,0.10243987656009843,0.40038083450008344,a2,False,dip,1,5.0,32
,,NVML sampled power,1,0,6,cuda,5.001415069499899,58.63525119714505,,,0.40054571249993387,idle_after,False,dip,1,5.0,32
,,NVML sampled power,1,0,6,cuda,5.001206444499985,55.34552247621408,,,0.4007263355001669,idle_before,False,dip,2,5.0,32
0.7070359091921246,138.14641007270544,NVML sampled power,1,1930,10,cuda,5.002989166499901,195.3881101039899,57.241700031284466,0.10123736274818129,0.40042373049982416,a1,False,dip,2,5.0,32
0.7084473656849831,139.0510835383557,NVML sampled power,1,1924,10,cuda,5.001506027000005,196.27581422920542,57.22473069084973,0.10201445646008597,0.4003818169999249,a2,False,dip,2,5.0,32
,,NVML sampled power,1,0,7,cuda,5.000981286500064,59.09442296494417,,,0.40088465999997425,idle_after,False,dip,2,5.0,32
,,NVML sampled power,1,0,5,cuda,5.001278330999867,55.74902139402102,,,0.4005787369999325,idle_before,False,dip,3,5.0,32
0.7024848199423467,137.69971491582152,NVML sampled power,1,1928,10,cuda,5.00124828800017,196.01806474212867,58.31834982630714,0.10166912071687172,0.4003231645001506,a1,False,dip,3,5.0,32
0.7036595621913156,138.52384382251395,NVML sampled power,1,1927,10,cuda,5.002948674499976,196.86202144560806,58.338177623094104,0.10215984506777792,0.4003920754998944,a2,False,dip,3,5.0,32
,,NVML sampled power,1,0,6,cuda,5.001655204500139,60.89296717716885,,,0.4006348384998546,idle_after,False,dip,3,5.0,32
